"Country","Phone Code","Flag URL"
"Afghanistan","93","https://flagcdn.com/w320/af.png"
"Albania","355","https://flagcdn.com/w320/al.png"
"Algeria","213","https://flagcdn.com/w320/dz.png"
"Andorra","376","https://flagcdn.com/w320/ad.png"
"Angola","244","https://flagcdn.com/w320/ao.png"
"Antigua and Barbuda","1-268","https://flagcdn.com/w320/ag.png"
"Argentina","54","https://flagcdn.com/w320/ar.png"
"Armenia","374","https://flagcdn.com/w320/am.png"
"Australia","61","https://flagcdn.com/w320/au.png"
"Austria","43","https://flagcdn.com/w320/at.png"
"Azerbaijan","994","https://flagcdn.com/w320/az.png"
"Bahamas","1-242","https://flagcdn.com/w320/bs.png"
"Bahrain","973","https://flagcdn.com/w320/bh.png"
"Bangladesh","880","https://flagcdn.com/w320/bd.png"
"Barbados","1-246","https://flagcdn.com/w320/bb.png"
"Belarus","375","https://flagcdn.com/w320/by.png"
"Belgium","32","https://flagcdn.com/w320/be.png"
"Belize","501","https://flagcdn.com/w320/bz.png"
"Benin","229","https://flagcdn.com/w320/bj.png"
"Bhutan","975","https://flagcdn.com/w320/bt.png"
"Bolivia","591","https://flagcdn.com/w320/bo.png"
"Bosnia and Herzegovina","387","https://flagcdn.com/w320/ba.png"
"Botswana","267","https://flagcdn.com/w320/bw.png"
"Brazil","55","https://flagcdn.com/w320/br.png"
"Brunei","673","https://flagcdn.com/w320/bn.png"
"Bulgaria","359","https://flagcdn.com/w320/bg.png"
"Burkina Faso","226","https://flagcdn.com/w320/bf.png"
"Burundi","257","https://flagcdn.com/w320/bi.png"
"Cambodia","855","https://flagcdn.com/w320/kh.png"
"Cameroon","237","https://flagcdn.com/w320/cm.png"
"Canada","1","https://flagcdn.com/w320/ca.png"
"Central African Republic","236","https://flagcdn.com/w320/cf.png"
"Chad","235","https://flagcdn.com/w320/tf.png"
"Chile","56","https://flagcdn.com/w320/cl.png"
"China","86","https://flagcdn.com/w320/cn.png"
"Colombia","57","https://flagcdn.com/w320/co.png"
"Congo","242","https://flagcdn.com/w320/cg.png"
"Congo, Democratic Republic of the","243","https://flagcdn.com/w320/cd.png"
"Costa Rica","506","https://flagcdn.com/w320/cr.png"
"Croatia","385","https://flagcdn.com/w320/hr.png"
"Cuba","53","https://flagcdn.com/w320/cu.png"
"Cyprus","357","https://flagcdn.com/w320/cy.png"
"Czech Republic","420","https://flagcdn.com/w320/cz.png"
"CÃ´te d'Ivoire","225","https://flagcdn.com/w320/ci.png"
"Denmark","45","https://flagcdn.com/w320/dk.png"
"Djibouti","253","https://flagcdn.com/w320/dj.png"
"Dominica","1-767","https://flagcdn.com/w320/dm.png"
"Dominican Republic","1-809","https://flagcdn.com/w320/do.png"
"Ecuador","593","https://flagcdn.com/w320/ec.png"
"Egypt","20","https://flagcdn.com/w320/eg.png"
"El Salvador","503","https://flagcdn.com/w320/sv.png"
"Equatorial Guinea","240","https://flagcdn.com/w320/gq.png"
"Eritrea","291","https://flagcdn.com/w320/er.png"
"Estonia","372","https://flagcdn.com/w320/ee.png"
"Ethiopia","251","https://flagcdn.com/w320/et.png"
"Fiji","679","https://flagcdn.com/w320/fj.png"
"Finland","358","https://flagcdn.com/w320/fi.png"
"France","33","https://flagcdn.com/w320/fr.png"
"Gabon","241","https://flagcdn.com/w320/ga.png"
"Gambia","220","https://flagcdn.com/w320/gm.png"
"Georgia","995","https://flagcdn.com/w320/ge.png"
"Germany","49","https://flagcdn.com/w320/de.png"
"Ghana","233","https://flagcdn.com/w320/gh.png"
"Greece","30","https://flagcdn.com/w320/gr.png"
"Greenland","299","https://flagcdn.com/w320/gl.png"
"Grenada","1-473","https://flagcdn.com/w320/gd.png"
"Guatemala","502","https://flagcdn.com/w320/gt.png"
"Guinea","224","https://flagcdn.com/w320/gn.png"
"Guinea-Bissau","245","https://flagcdn.com/w320/gw.png"
"Guyana","592","https://flagcdn.com/w320/gy.png"
"Haiti","509","https://flagcdn.com/w320/ht.png"
"Honduras","504","https://flagcdn.com/w320/hn.png"
"Hungary","36","https://flagcdn.com/w320/hu.png"
"Iceland","354","https://flagcdn.com/w320/is.png"
"India","91","https://flagcdn.com/w320/in.png"
"Indonesia","62","https://flagcdn.com/w320/id.png"
"Iran","98","https://flagcdn.com/w320/ir.png"
"Iraq","964","https://flagcdn.com/w320/iq.png"
"Ireland","353","https://flagcdn.com/w320/ie.png"
"Israel","972","https://flagcdn.com/w320/il.png"
"Italy","39","https://flagcdn.com/w320/it.png"
"Ivory Coast","225","https://flagcdn.com/w320/ci.png"
"Jamaica","1-876","https://flagcdn.com/w320/jm.png"
"Japan","81","https://flagcdn.com/w320/jp.png"
"Jordan","962","https://flagcdn.com/w320/jo.png"
"Kazakhstan","7","https://flagcdn.com/w320/kz.png"
"Kenya","254","https://flagcdn.com/w320/ke.png"
"Kiribati","686","https://flagcdn.com/w320/ki.png"
"North Korea","850","https://flagcdn.com/w320/kp.png"
"South Korea","82","https://flagcdn.com/w320/kr.png"
"Kuwait","965","https://flagcdn.com/w320/kw.png"
"Kyrgyzstan","996","https://flagcdn.com/w320/kg.png"
"Laos","856","https://flagcdn.com/w320/la.png"
"Latvia","371","https://flagcdn.com/w320/lv.png"
"Lebanon","961","https://flagcdn.com/w320/lb.png"
"Lesotho","266","https://flagcdn.com/w320/ls.png"
"Liberia","231","https://flagcdn.com/w320/lr.png"
"Libya","218","https://flagcdn.com/w320/ly.png"
"Liechtenstein","423","https://flagcdn.com/w320/li.png"
"Lithuania","370","https://flagcdn.com/w320/lt.png"
"Luxembourg","352","https://flagcdn.com/w320/lu.png"
"Macedonia","389","https://flagcdn.com/w320/mk.png"
"Madagascar","261","https://flagcdn.com/w320/mg.png"
"Malawi","265","https://flagcdn.com/w320/mw.png"
"Malaysia","60","https://flagcdn.com/w320/my.png"
"Maldives","960","https://flagcdn.com/w320/mv.png"
"Mali","223","https://flagcdn.com/w320/ml.png"
"Malta","356","https://flagcdn.com/w320/mt.png"
"Marshall Islands","692","https://flagcdn.com/w320/mh.png"
"Mauretania","222","https://flagcdn.com/w320/mr.png"
"Mexico","52","https://flagcdn.com/w320/mx.png"
"Micronesia","691","https://flagcdn.com/w320/fm.png"
"Moldova","373","https://flagcdn.com/w320/md.png"
"Monaco","377","https://flagcdn.com/w320/mc.png"
"Mongolia","976","https://flagcdn.com/w320/mn.png"
"Montenegro","382","https://flagcdn.com/w320/me.png"
"Morocco","212","https://flagcdn.com/w320/mr.png"
"Mozambique","258","https://flagcdn.com/w320/mz.png"
"Myanmar","95","https://flagcdn.com/w320/mm.png"
"Namibia","264","https://flagcdn.com/w320/na.png"
"Nauru","674","https://flagcdn.com/w320/nr.png"
"Nepal","977","https://flagcdn.com/w320/np.png"
"Netherlands","31","https://flagcdn.com/w320/nl.png"
"New Zealand","64","https://flagcdn.com/w320/nz.png"
"Nicaragua","505","https://flagcdn.com/w320/ni.png"
"Niger","227","https://flagcdn.com/w320/ne.png"
"Nigeria","234","https://flagcdn.com/w320/ng.png"
"Norway","47","https://flagcdn.com/w320/no.png"
"Oman","968","https://flagcdn.com/w320/om.png"
"Pakistan","92","https://flagcdn.com/w320/pk.png"
"Palau","680","https://flagcdn.com/w320/pw.png"
"Panama","507","https://flagcdn.com/w320/pa.png"
"Papua New Guinea","675","https://flagcdn.com/w320/pg.png"
"Paraguay","595","https://flagcdn.com/w320/py.png"
"Peru","51","https://flagcdn.com/w320/pe.png"
"Philippines","63","https://flagcdn.com/w320/ph.png"
"Poland","48","https://flagcdn.com/w320/pl.png"
"Portugal","351","https://flagcdn.com/w320/pt.png"
"Qatar","974","https://flagcdn.com/w320/qa.png"
"Romania","40","https://flagcdn.com/w320/ro.png"
"Russia","7","https://flagcdn.com/w320/ru.png"
"Rwanda","250","https://flagcdn.com/w320/rw.png"
"Saint Kitts and Nevis","1-869","https://flagcdn.com/w320/kn.png"
"Saint Lucia","1-758","https://flagcdn.com/w320/lc.png"
"Saint Vincent and the Grenadines","1-784","https://flagcdn.com/w320/vc.png"
"Samoa","685","https://flagcdn.com/w320/ws.png"
"San Marino","378","https://flagcdn.com/w320/sm.png"
"Sao Tome and Principe","239","https://flagcdn.com/w320/st.png"
"Senegal","221","https://flagcdn.com/w320/sn.png"
"Serbia","381","https://flagcdn.com/w320/rs.png"
"Seychelles","248","https://flagcdn.com/w320/sc.png"
"Sierra Leone","232","https://flagcdn.com/w320/sl.png"
"Singapore","65","https://flagcdn.com/w320/sg.png"
"Slovakia","421","https://flagcdn.com/w320/sk.png"
"Slovenia","386","https://flagcdn.com/w320/si.png"
"Solomon Islands","677","https://flagcdn.com/w320/sb.png"
"Somalia","252","https://flagcdn.com/w320/so.png"
"South Africa","27","https://flagcdn.com/w320/za.png"
"South Sudan","211","https://flagcdn.com/w320/ss.png"
"Spain","34","https://flagcdn.com/w320/es.png"
"Sri Lanka","94","https://flagcdn.com/w320/lk.png"
"Sudan","249","https://flagcdn.com/w320/sd.png"
"Suriname","597","https://flagcdn.com/w320/sr.png"
"Swaziland","268","https://flagcdn.com/w320/sz.png"
"Sweden","46","https://flagcdn.com/w320/se.png"
"Switzerland","41","https://flagcdn.com/w320/ch.png"
"Syria","963","https://flagcdn.com/w320/sy.png"
"Taiwan","886","https://flagcdn.com/w320/tw.png"
"Tajikistan","992","https://flagcdn.com/w320/tj.png"
"Tanzania","255","https://flagcdn.com/w320/tz.png"
"Thailand","66","https://flagcdn.com/w320/th.png"
"Togo","228","https://flagcdn.com/w320/tg.png"
"Tonga","676","https://flagcdn.com/w320/to.png"
"Trinidad and Tobago","1-868","https://flagcdn.com/w320/tt.png"
"Tunisia","216","https://flagcdn.com/w320/tn.png"
"Turkey","90","https://flagcdn.com/w320/tr.png"
"Turkmenistan","993","https://flagcdn.com/w320/tm.png"
"Tuvalu","688","https://flagcdn.com/w320/tv.png"
"Uganda","256","https://flagcdn.com/w320/ug.png"
"Ukraine","380","https://flagcdn.com/w320/ua.png"
"United Arab Emirates","971","https://flagcdn.com/w320/ae.png"
"United Kingdom","44","https://flagcdn.com/w320/gb.png"
"United States","1","https://flagcdn.com/w320/us.png"
"Uruguay","598","https://flagcdn.com/w320/uy.png"
"Uzbekistan","998","https://flagcdn.com/w320/uz.png"
"Vanuatu","678","https://flagcdn.com/w320/vu.png"
"Vatican City","39","https://flagcdn.com/w320/va.png"
"Venezuela","58","https://flagcdn.com/w320/ve.png"
"Vietnam","84","https://flagcdn.com/w320/vn.png"
"Yemen","967","https://flagcdn.com/w320/ye.png"
"Zambia","260","https://flagcdn.com/w320/zm.png"
"Zimbabwe","263","https://flagcdn.com/w320/zw.png"